{
  "anchors": [
    6.44,
    3.78,
    4.41,
    2.16,
    6.16,
    2.56,
    0.45,
    0.39,
    5.25,
    3.19
  ],
  "inputs": {
    "input0": [
      224,
      224,
      3
    ]
  },
  "outputs": {
    "output0": [
      7,
      7,
      30
    ]
  },
  "params_quantity": 1856046,
  "loss": [
    [
      1,
      2.41142
    ],
    [
      2,
      1.82076
    ],
    [
      3,
      1.31359
    ],
    [
      4,
      0.9563
    ],
    [
      5,
      0.68731
    ],
    [
      6,
      0.66813
    ],
    [
      7,
      0.33315
    ],
    [
      8,
      0.28605
    ],
    [
      9,
      0.25053
    ],
    [
      10,
      0.21183
    ],
    [
      11,
      0.19823
    ],
    [
      12,
      0.17668
    ],
    [
      13,
      0.18899
    ],
    [
      14,
      0.17045
    ],
    [
      15,
      0.16462
    ],
    [
      16,
      0.1637
    ],
    [
      17,
      0.16262
    ],
    [
      18,
      0.15991
    ],
    [
      19,
      0.14918
    ],
    [
      20,
      0.15438
    ],
    [
      21,
      0.1394
    ],
    [
      22,
      0.14769
    ],
    [
      23,
      0.14939
    ],
    [
      24,
      0.14799
    ],
    [
      25,
      0.14688
    ],
    [
      26,
      0.14562
    ],
    [
      27,
      0.13758
    ],
    [
      28,
      0.14449
    ],
    [
      29,
      0.14413
    ],
    [
      30,
      0.13724
    ],
    [
      31,
      0.14287
    ],
    [
      32,
      0.14201
    ],
    [
      33,
      0.13651
    ],
    [
      34,
      0.14145
    ],
    [
      35,
      0.1361
    ],
    [
      36,
      0.14178
    ],
    [
      37,
      0.13547
    ],
    [
      38,
      0.1409
    ],
    [
      39,
      0.1341
    ],
    [
      40,
      0.14049
    ],
    [
      41,
      0.1359
    ],
    [
      42,
      0.14007
    ],
    [
      43,
      0.13976
    ],
    [
      44,
      0.13941
    ],
    [
      45,
      0.13886
    ],
    [
      46,
      0.13948
    ],
    [
      47,
      0.13938
    ],
    [
      48,
      0.12931
    ],
    [
      49,
      0.13351
    ],
    [
      50,
      0.12904
    ],
    [
      51,
      0.13849
    ],
    [
      52,
      0.1367
    ],
    [
      53,
      0.13758
    ],
    [
      54,
      0.13358
    ],
    [
      55,
      0.11498
    ],
    [
      56,
      0.13827
    ],
    [
      57,
      0.13835
    ],
    [
      58,
      0.13003
    ],
    [
      59,
      0.13763
    ],
    [
      60,
      0.13191
    ],
    [
      61,
      0.13745
    ],
    [
      62,
      0.13768
    ],
    [
      63,
      0.13061
    ],
    [
      64,
      0.13751
    ],
    [
      65,
      0.13774
    ],
    [
      66,
      0.13305
    ],
    [
      67,
      0.12818
    ],
    [
      68,
      0.13301
    ],
    [
      69,
      0.13273
    ],
    [
      70,
      0.13532
    ],
    [
      71,
      0.13739
    ],
    [
      72,
      0.12902
    ],
    [
      73,
      0.11366
    ],
    [
      74,
      0.13717
    ],
    [
      75,
      0.12983
    ],
    [
      76,
      0.13708
    ],
    [
      77,
      0.13347
    ],
    [
      78,
      0.12894
    ],
    [
      79,
      0.13688
    ],
    [
      80,
      0.13694
    ],
    [
      81,
      0.13688
    ],
    [
      82,
      0.12749
    ],
    [
      83,
      0.13684
    ],
    [
      84,
      0.13675
    ],
    [
      85,
      0.136
    ],
    [
      86,
      0.13308
    ],
    [
      87,
      0.12177
    ],
    [
      88,
      0.13664
    ],
    [
      89,
      0.13294
    ],
    [
      90,
      0.13573
    ],
    [
      91,
      0.12426
    ],
    [
      92,
      0.12477
    ],
    [
      93,
      0.13522
    ],
    [
      94,
      0.123
    ],
    [
      95,
      0.13632
    ],
    [
      96,
      0.13636
    ],
    [
      97,
      0.13584
    ],
    [
      98,
      0.12888
    ],
    [
      99,
      0.13567
    ],
    [
      100,
      0.12978
    ]
  ],
  "acc": [
    [
      1,
      0.18452
    ],
    [
      2,
      0.22693
    ],
    [
      3,
      0.26447
    ],
    [
      4,
      0.2602
    ],
    [
      5,
      0.27508
    ],
    [
      6,
      0.31938
    ],
    [
      7,
      0.37204
    ],
    [
      8,
      0.37239
    ],
    [
      9,
      0.38523
    ],
    [
      10,
      0.37817
    ],
    [
      11,
      0.38177
    ],
    [
      12,
      0.37337
    ],
    [
      13,
      0.37024
    ],
    [
      14,
      0.36024
    ],
    [
      15,
      0.35457
    ],
    [
      16,
      0.35226
    ],
    [
      17,
      0.35017
    ],
    [
      18,
      0.34782
    ],
    [
      19,
      0.35089
    ],
    [
      20,
      0.35186
    ],
    [
      21,
      0.35182
    ],
    [
      22,
      0.35129
    ],
    [
      23,
      0.35298
    ],
    [
      24,
      0.34769
    ],
    [
      25,
      0.34721
    ],
    [
      26,
      0.34521
    ],
    [
      27,
      0.34632
    ],
    [
      28,
      0.34737
    ],
    [
      29,
      0.34557
    ],
    [
      30,
      0.34617
    ],
    [
      31,
      0.34913
    ],
    [
      32,
      0.34829
    ],
    [
      33,
      0.3462
    ],
    [
      34,
      0.34871
    ],
    [
      35,
      0.34923
    ],
    [
      36,
      0.34479
    ],
    [
      37,
      0.34769
    ],
    [
      38,
      0.34744
    ],
    [
      39,
      0.34786
    ],
    [
      40,
      0.34749
    ],
    [
      41,
      0.34643
    ],
    [
      42,
      0.34749
    ],
    [
      43,
      0.34711
    ],
    [
      44,
      0.34767
    ],
    [
      45,
      0.34944
    ],
    [
      46,
      0.34927
    ],
    [
      47,
      0.35011
    ],
    [
      48,
      0.34857
    ],
    [
      49,
      0.35006
    ],
    [
      50,
      0.35295
    ],
    [
      51,
      0.35066
    ],
    [
      52,
      0.35145
    ],
    [
      53,
      0.35297
    ],
    [
      54,
      0.35225
    ],
    [
      55,
      0.35289
    ],
    [
      56,
      0.35462
    ],
    [
      57,
      0.35521
    ],
    [
      58,
      0.35373
    ],
    [
      59,
      0.35291
    ],
    [
      60,
      0.35185
    ],
    [
      61,
      0.35376
    ],
    [
      62,
      0.35344
    ],
    [
      63,
      0.3522
    ],
    [
      64,
      0.3517
    ],
    [
      65,
      0.35176
    ],
    [
      66,
      0.35249
    ],
    [
      67,
      0.35391
    ],
    [
      68,
      0.35242
    ],
    [
      69,
      0.35216
    ],
    [
      70,
      0.35178
    ],
    [
      71,
      0.35199
    ],
    [
      72,
      0.35239
    ],
    [
      73,
      0.35161
    ],
    [
      74,
      0.34992
    ],
    [
      75,
      0.35028
    ],
    [
      76,
      0.35084
    ],
    [
      77,
      0.35306
    ],
    [
      78,
      0.35255
    ],
    [
      79,
      0.35163
    ],
    [
      80,
      0.35176
    ],
    [
      81,
      0.35118
    ],
    [
      82,
      0.35083
    ],
    [
      83,
      0.34946
    ],
    [
      84,
      0.34905
    ],
    [
      85,
      0.34869
    ],
    [
      86,
      0.35101
    ],
    [
      87,
      0.35157
    ],
    [
      88,
      0.35178
    ],
    [
      89,
      0.35141
    ],
    [
      90,
      0.35156
    ],
    [
      91,
      0.3516
    ],
    [
      92,
      0.35327
    ],
    [
      93,
      0.35342
    ],
    [
      94,
      0.35226
    ],
    [
      95,
      0.35115
    ],
    [
      96,
      0.35156
    ],
    [
      97,
      0.35103
    ],
    [
      98,
      0.35201
    ],
    [
      99,
      0.3524
    ],
    [
      100,
      0.35226
    ]
  ],